Query,Last 28 days Clicks,Previous 28 days Clicks,Last 28 days Impressions,Previous 28 days Impressions,Last 28 days CTR,Previous 28 days CTR,Last 28 days Position,Previous 28 days Position
vape,20322,18539,517032,527544,3.93%,3.51%,5.67,6.21
vape shop,16186,14692,375258,364828,4.31%,4.03%,3.07,3.14
vape pen,8712,9675,139213,129715,6.26%,7.46%,4.2,3.3
novo,7757,9607,69366,66770,11.18%,14.39%,4.61,4.07
vapes,4079,2457,96852,85075,4.21%,2.89%,5.52,6.51
novo 2,3902,3321,45819,38856,8.52%,8.55%,4.17,4.14
smok,3732,7435,251764,236828,1.48%,3.14%,4.66,4.1
vape pens,3128,2863,30541,28878,10.24%,9.91%,2.82,3.25
vape juice,2762,2281,91951,89450,3%,2.55%,7.42,8.22
smok novo 2,2574,1377,42570,37776,6.05%,3.65%,6.32,6.84
novo 2 pods,2009,1482,9103,7613,22.07%,19.47%,2.52,3.01
suorin air plus,1999,480,19274,16568,10.37%,2.9%,4.25,8.1
best pod vape,1739,1833,6352,5956,27.38%,30.78%,2.4,1.94
smok novo,1707,3337,41315,43770,4.13%,7.62%,6.09,5
smok novo 2 pods,1356,1065,6243,5306,21.72%,20.07%,2.78,3.44
freemax twister,1125,1103,7781,7654,14.46%,14.41%,3.46,3.41
vape store,1089,1040,80798,83101,1.35%,1.25%,7.81,7.81
vaping.com,1044,1106,1291,1650,80.87%,67.03%,1,1
novo vape,917,988,13599,11953,6.74%,8.27%,4.46,4.2
best pod vape 2020,917,225,2311,902,39.68%,24.94%,1.53,4.92
vape price,881,862,12141,12854,7.26%,6.71%,5.62,5.98
salt nic vapes,834,482,3885,3413,21.47%,14.12%,2.57,4.08
best vape mod 2020,805,204,3163,1209,25.45%,16.87%,4.13,5.32
best pod system 2020,784,173,2088,813,37.55%,21.28%,1.9,4.92
vape pods,722,837,9852,9551,7.33%,8.76%,4.23,3.98
best pod system,719,617,3005,2173,23.93%,28.39%,3.27,3.03
smok vape,703,804,65145,60460,1.08%,1.33%,5.78,5.68
best pod 2020,685,134,1970,695,34.77%,19.28%,2.01,5.69
best small vape,674,632,1534,1420,43.94%,44.51%,1.39,1.43
pod vape,666,638,24697,27233,2.7%,2.34%,5.24,5.3
best salt nic vapes,640,317,2141,1727,29.89%,18.36%,2.1,2.83
vape mods,626,533,31171,28671,2.01%,1.86%,9.85,10.08
juul alternative,602,1019,3926,4512,15.33%,22.58%,1.59,1.3
novo smok,567,530,6705,9379,8.46%,5.65%,4.71,4.66
best vape pod system,567,520,1519,1341,37.33%,38.78%,1.83,1.4
best vape pod,560,673,1576,1687,35.53%,39.89%,1.81,1.82
smok nord,537,619,87348,107556,0.61%,0.58%,7.99,7.01
pod vapes,529,491,5769,4725,9.17%,10.39%,4.35,4.51
best pod system vape,515,686,1575,1580,32.7%,43.42%,1.57,1.44
best pod,511,542,2097,2269,24.37%,23.89%,2.27,2.63
best vape mods 2020,495,141,2143,943,23.1%,14.95%,3.79,5.55
vape.com,480,472,978,1080,49.08%,43.7%,1.34,1.91
novo 2 vape,457,371,3371,3012,13.56%,12.32%,3.87,4.07
best refillable pod system,442,591,1195,1230,36.99%,48.05%,1.03,1.02
vape pod,434,432,13418,13525,3.23%,3.19%,5.24,5.15
best refillable pod vape,404,478,2255,1890,17.92%,25.29%,1.05,1.01
best vape mod,399,359,9973,8801,4%,4.08%,8.23,8.32
smok v8 stick,399,384,2794,2684,14.28%,14.31%,3.54,3.59
freemax twister 80w,391,237,2283,2143,17.13%,11.06%,4,4.49
pod,387,375,6985,7124,5.54%,5.26%,4.2,5.21
smok slm,380,279,2161,1979,17.58%,14.1%,3.16,3.49
best juul alternative,375,495,1944,2305,19.29%,21.48%,1.44,1.66
vapes like juul,367,325,1236,1334,29.69%,24.36%,2,2.45
pod system vape,363,271,3140,2782,11.56%,9.74%,3.58,3.89
vape juice online,359,478,7885,9384,4.55%,5.09%,7.32,6.56
novos,355,174,2519,2288,14.09%,7.6%,3.43,4.12
smok novo 2 kit,346,237,2675,2446,12.93%,9.69%,5.36,5.87
vape kit,345,253,9566,9559,3.61%,2.65%,6.6,7.29
novo 2 kit,336,222,2402,1916,13.99%,11.59%,4.15,4.32
best pod 2019,335,524,853,1891,39.27%,27.71%,2.32,2.24
best small vapes,320,302,902,854,35.48%,35.36%,1.66,1.55
best pod vapes,319,544,1172,1275,27.22%,42.67%,1.32,1.2
moti vape,317,197,3807,3414,8.33%,5.77%,5.16,5.67
voopoo vinci,313,347,20074,34920,1.56%,0.99%,7.72,8.16
sourin air plus,310,54,2745,2990,11.29%,1.81%,4.22,8.82
nord vape,306,330,28415,26358,1.08%,1.25%,6.43,6.15
vape starter kit,300,238,5975,6577,5.02%,3.62%,6.45,7.13
smok nord 2,298,38,10194,3920,2.92%,0.97%,10.52,10.34
suorin drop,295,182,13754,13200,2.14%,1.38%,7.52,7.07
best vape pod 2020,288,62,676,246,42.6%,25.2%,1.8,4.12
voopoo drag nano,284,331,5930,5633,4.79%,5.88%,5.79,5.53
best salt nic device,280,251,881,1039,31.78%,24.16%,2.45,2.66
salt nic devices,277,281,1947,1600,14.23%,17.56%,3.2,2.3
juul alternatives,272,568,1052,1295,25.86%,43.86%,1.48,1.18
smok morph 219,271,277,6537,6334,4.15%,4.37%,5.52,5.69
pod systems,271,189,2595,2287,10.44%,8.26%,2.33,2.84
best pod mod 2020,270,67,966,337,27.95%,19.88%,2.81,5.01
best refillable pod vape 2019,267,346,1062,1458,25.14%,23.73%,1.47,1.93
vape parts,264,258,2217,2262,11.91%,11.41%,1.9,1.76
vape pod system,260,245,2561,2312,10.15%,10.6%,4.19,4.18
best vape tank,259,185,3315,3147,7.81%,5.88%,4.56,6.68
vape products,259,267,3210,3957,8.07%,6.75%,5.52,6.28
pod terbaik 2020,258,63,2378,281,10.85%,22.42%,5.81,9.78
small vapes,257,207,4915,4186,5.23%,4.95%,1.1,2.06
best pod system 2019,257,939,804,2582,31.97%,36.37%,2.97,2.48
best pod mod,252,230,1032,992,24.42%,23.19%,2.96,3.74
best vape 2020,244,27,1946,388,12.54%,6.96%,5.87,9.31
smok stick v8,238,303,6710,9284,3.55%,3.26%,7.84,9.83
smok fit,235,197,1942,5382,12.1%,3.66%,3.85,3.92
best pod vape 2019,232,561,878,2320,26.42%,24.18%,3.1,2.71
pods vape,228,223,4447,4625,5.13%,4.82%,4.21,3.48
best vapes 2020,227,53,2381,668,9.53%,7.93%,4.98,7.82
vape kits,226,189,4338,4361,5.21%,4.33%,6.74,7.37
best pod system vape 2019,216,291,1355,1981,15.94%,14.69%,3.93,2.9
best vape pods,208,227,657,609,31.66%,37.27%,1.66,1.39
best salt nic vape,206,157,881,754,23.38%,20.82%,2.74,2.52
vaping products,199,241,2329,2716,8.54%,8.87%,4.81,5.41
best vape mods,197,155,4572,3881,4.31%,3.99%,8.48,8.31
best vape brands,195,77,4687,3045,4.16%,2.53%,4.4,6.67
novo2,195,197,3699,3070,5.27%,6.42%,5.54,5.37
smok nord kit,194,181,8033,8398,2.42%,2.16%,7.97,7.6
nord vs nord 2,194,0,417,0,46.52%,0%,3.55,0
pod mod terbaik,187,394,2923,4554,6.4%,8.65%,9.61,7.31
ohms too high,182,189,898,794,20.27%,23.8%,1.41,1.61
smok morph,181,164,7123,6790,2.54%,2.42%,6.23,6.23
suorin,178,166,28581,22000,0.62%,0.75%,6.44,6.28
novo 2 price,173,287,2196,1930,7.88%,14.87%,3.34,2.91
vape mod,172,168,14050,13165,1.22%,1.28%,9.7,9.8
best pod vapes 2020,172,56,358,134,48.04%,41.79%,1.35,3.07
vape pen price,171,131,2153,2011,7.94%,6.51%,3.5,5.36
vapeshop,170,169,9577,9244,1.78%,1.83%,7.72,8.23
best nic salt device,169,173,541,711,31.24%,24.33%,2.28,2.79
pen vape,167,151,5972,5251,2.8%,2.88%,4.72,4.12
best salt nic juice,167,20,3401,923,4.91%,2.17%,5.1,10.96
nord 2,165,0,17307,0,0.95%,0%,8.65,0
best pod systems,165,232,645,699,25.58%,33.19%,2.59,2.74
drag nano,162,134,6451,5323,2.51%,2.52%,4.15,3.7
rba vape,162,193,2206,2293,7.34%,8.42%,3.27,3.82
smok novo kit,162,203,1252,1222,12.94%,16.61%,5.97,5.16
uwell caliburn,160,190,13149,23251,1.22%,0.82%,10.64,9.05
smok nord vs nord 2,159,0,386,0,41.19%,0%,3.87,0
best mod 2020,156,34,752,239,20.74%,14.23%,4.78,5.73
best salt nic devices,156,123,520,486,30%,25.31%,2.01,2.17
vape tastes burnt,153,163,1059,981,14.45%,16.62%,1.05,1.14
smok v8,152,111,3813,4045,3.99%,2.74%,5.56,5.73
smok morph 219 kit,152,168,2743,2784,5.54%,6.03%,5.21,5.27
vape prices,152,121,1276,1126,11.91%,10.75%,3.43,3.53
best pod system for flavor,152,158,706,612,21.53%,25.82%,1.9,1.62
rda vs rta,150,192,1017,1055,14.75%,18.2%,1.7,2.3
smok nord not hitting,146,75,596,424,24.5%,17.69%,1.08,2
buy vape,145,132,2934,3265,4.94%,4.04%,9.52,9.66
novo kit,144,160,829,821,17.37%,19.49%,3.07,3.46
vape sticks,143,120,1997,1782,7.16%,6.73%,1.66,2.1
smok fit kit,143,131,986,1454,14.5%,9.01%,3.46,2.79
best vape mods 2019,140,270,2071,3743,6.76%,7.21%,6.4,6.38
best refillable vape,139,152,358,326,38.83%,46.63%,1.02,1
twister vape,138,124,3038,2697,4.54%,4.6%,4.92,4.93
best pods,138,139,1030,1169,13.4%,11.89%,3.07,3.25
smok alien,136,125,7657,11159,1.78%,1.12%,7.88,9.61
vape mod kits,136,136,3823,3633,3.56%,3.74%,8.88,9.03
best nic salt vape,136,88,666,473,20.42%,18.6%,3.13,3.39
pod system vapes,133,112,877,717,15.17%,15.62%,2.24,2.88
nicotine salt vape device,133,128,857,818,15.52%,15.65%,2.55,3.14
pod system,131,166,5703,5532,2.3%,3%,6.32,5.42
best vape tanks,131,100,1841,1772,7.12%,5.64%,4.24,6.65
juul like vapes,129,164,510,599,25.29%,27.38%,2.15,2.58
vaping .com,129,115,154,142,83.77%,80.99%,1,1
smok resa stick,128,119,3285,3247,3.9%,3.66%,6.49,6.44
juul competitors,128,103,622,606,20.58%,17%,3.35,3.65
smok novo vs novo 2,128,181,342,401,37.43%,45.14%,1.25,1.24
mtl vape,127,142,2153,2399,5.9%,5.92%,5.16,4.57
caliburn koko,126,220,14337,20963,0.88%,1.05%,7.75,6.72
small vape,126,147,3788,3707,3.33%,3.97%,1.52,2.27
best alternative to juul,124,148,214,248,57.94%,59.68%,1.25,1.37
v8 stick,123,132,1573,1398,7.82%,9.44%,2.41,2.54
smok novo vape,120,133,1380,1306,8.7%,10.18%,4.24,3.86
teardrop vape,120,103,565,568,21.24%,18.13%,1.01,1
vaper,115,81,6237,5032,1.84%,1.61%,10.1,13.05
novo 2 pod,115,77,1208,1086,9.52%,7.09%,3.84,4.69
best box mod 2020,115,40,758,220,15.17%,18.18%,5.63,5.72
best pod systems 2020,115,47,352,125,32.67%,37.6%,2,3.28
best pod system vape 2020,113,68,328,235,34.45%,28.94%,1.44,4.1
best vape pod system 2020,111,35,257,88,43.19%,39.77%,1.58,3.01
best vape for nic salts,110,65,417,373,26.38%,17.43%,2.92,4.09
small refillable vapes,110,47,298,155,36.91%,30.32%,1.46,2.85
smallest vape,109,124,763,713,14.29%,17.39%,3.54,3.41
smok infinix,108,157,9797,13746,1.1%,1.14%,9.68,9.05
suorin edge,108,149,7688,6960,1.4%,2.14%,6.9,6.17
vaporizer pen,107,80,6415,6715,1.67%,1.19%,7.01,8.24
smok priv n19,107,60,2372,1889,4.51%,3.18%,6.68,6.72
vape pen starter kit,106,96,4228,4185,2.51%,2.29%,8.33,9.55
best compact vape,106,81,231,178,45.89%,45.51%,1.82,2.02
why does my vape taste burnt,105,148,1190,1031,8.82%,14.35%,1.02,1
rta vape,104,119,3308,3148,3.14%,3.78%,7.85,7.34
better than juul,102,89,256,274,39.84%,32.48%,2.39,2.43
vape shops,101,102,32299,33952,0.31%,0.3%,9.69,8.61
online vape shop,100,54,2972,2534,3.36%,2.13%,12.97,16.18
smok rpm40,99,158,15073,23825,0.66%,0.66%,8.84,8.79
smok nord not charging,99,149,472,545,20.97%,27.34%,1.64,1.04
best vape pods 2020,99,0,278,0,35.61%,0%,1.98,0
vape online,98,54,4343,2739,2.26%,1.97%,11.39,13.7
smok fetch pro,98,20,4158,783,2.36%,2.55%,13.89,15.05
smok novo 2 price,97,62,1393,1105,6.96%,5.61%,4.02,4.7
how to clean vape tank,97,73,648,625,14.97%,11.68%,1.03,2.55
iqos vs vape,96,101,1130,1679,8.5%,6.02%,5.72,6.11
vape shop online,95,58,4212,3122,2.26%,1.86%,13.08,18.84
vape pen brands,95,79,2195,2087,4.33%,3.79%,4.16,4.87
pod 2020,95,0,726,0,13.09%,0%,5.25,0
pod vape systems,95,20,468,128,20.3%,15.62%,2.26,3.06
best pod mod 2019,95,253,399,884,23.81%,28.62%,2.94,2.68
alternatives to juul,95,115,370,472,25.68%,24.36%,1.39,1.32
vapes similar to juul,95,142,353,454,26.91%,31.28%,2.61,1.97
similar to juul,95,112,300,280,31.67%,40%,2.26,1.62
sourin,93,71,13875,12258,0.67%,0.58%,6.46,6.02
rta vs rda,93,147,832,932,11.18%,15.77%,2.55,2.68
twister 80w,93,71,768,733,12.11%,9.69%,3.49,3.7
best fruity vape juice,93,76,630,483,14.76%,15.73%,2.48,2.86
renova zero,92,61,6153,5777,1.5%,1.06%,9.48,9.78
freemax twister kit,91,67,681,724,13.36%,9.25%,4.13,4.28
alternative to juul,91,143,588,689,15.48%,20.75%,2.15,2.64
best pods 2020,91,0,354,0,25.71%,0%,3.35,0
vape pod systems,90,106,769,676,11.7%,15.68%,3.07,2.8
vape juices,89,76,3193,3040,2.79%,2.5%,7.58,8.04
best vape mod 2019,89,280,1493,3039,5.96%,9.21%,6.94,6.55
nic salt mods,89,62,667,667,13.34%,9.3%,4.41,5.56
smok priv v8,88,75,4373,4713,2.01%,1.59%,7.59,7.3
smok nord 2 release date,88,0,870,0,10.11%,0%,6.36,0
smok slim,88,40,708,513,12.43%,7.8%,2.96,3.16
stick v8 vape,88,85,562,555,15.66%,15.32%,3.41,3.38
best pod mods,88,58,318,384,27.67%,15.1%,3.21,4.52
twister 80w kit,88,44,314,171,28.03%,25.73%,2.41,2.72
smok vape price,87,56,2972,2859,2.93%,1.96%,6.65,6.9
smok novo 2 review,87,71,1804,1952,4.82%,3.64%,5.89,6.93
vape coil,86,93,4962,4874,1.73%,1.91%,5.11,4.79
vaporesso podstick,86,39,3241,3057,2.65%,1.28%,8.14,9.32
rpm nord pod,86,94,458,433,18.78%,21.71%,1.69,1.57
nord 2 vs nord,86,0,162,0,53.09%,0%,3.22,0
vaporesso swag,85,41,2187,1996,3.89%,2.05%,11.84,13.36
best mods 2020,85,0,443,0,19.19%,0%,4.92,0
smok vape wont turn on,84,64,616,588,13.64%,10.88%,2.62,3.73
devices like juul,84,70,215,215,39.07%,32.56%,1.79,2.38
products like juul,84,56,164,105,51.22%,53.33%,2.02,1.7
vaping.com login,84,70,90,73,93.33%,95.89%,1,1
refillable pod system,83,39,888,743,9.35%,5.25%,2.98,4.28
best nic salt device 2019,83,47,397,389,20.91%,12.08%,2,2.56
vaping pen,82,61,2138,2021,3.84%,3.02%,3.95,3.8
pod terbaik,82,183,701,3731,11.7%,4.9%,6.98,4.29
novo 2 mesh pods salt nic,82,65,364,237,22.53%,27.43%,1,1.01
new pod 2020,82,22,221,110,37.1%,20%,1.47,3.75
small vape mods,81,104,1902,1879,4.26%,5.53%,6.78,6.06
nic salt devices,81,44,357,308,22.69%,14.29%,2.62,2.84
novo 2 vs novo,81,109,170,179,47.65%,60.89%,1.01,1.09
rda vape,80,103,4386,4376,1.82%,2.35%,7.94,7.49
vape nicotine levels,80,42,1098,1095,7.29%,3.84%,1.03,5.19
voopoo nano,80,80,1093,1143,7.32%,7%,4.6,4.75
best pod mod vape,80,68,282,265,28.37%,25.66%,2.89,2.62
best juul alternatives,80,34,191,163,41.88%,20.86%,2.68,2.93
vaping,79,69,14328,14106,0.55%,0.49%,16.18,21.26
vaporesso degree,79,60,3405,3245,2.32%,1.85%,6.63,5.87
pod terbaik 2019,79,291,1549,3976,5.1%,7.32%,6.11,4.98
twister vape pen,79,49,576,584,13.72%,8.39%,4.1,4.58
pod mod vape,78,61,1208,1240,6.46%,4.92%,4.77,4.44
best salt nic vapes 2020,78,25,231,40,33.77%,62.5%,2.13,1
best pod vape system,78,71,218,139,35.78%,51.08%,2.49,1.45
e juice,77,39,8048,6223,0.96%,0.63%,17.59,18.77
aspire avp pro,77,76,2013,1690,3.83%,4.5%,7.81,7.7
vape coils,76,91,6571,6740,1.16%,1.35%,8.33,7.9
juul like devices,76,90,494,492,15.38%,18.29%,2.42,2.73
novo 2 smok,75,53,1851,1613,4.05%,3.29%,6.59,6.32
best vape pod 2019,75,107,224,351,33.48%,30.48%,2.67,2.62
best salt vape,75,33,142,82,52.82%,40.24%,2.63,1.88
smok stick prince,74,92,5873,9087,1.26%,1.01%,9.27,9.66
salt nic mods,74,48,471,481,15.71%,9.98%,3.36,5.03
best pod mods 2020,74,0,201,0,36.82%,0%,2.32,0
rpm40,73,55,17155,20777,0.43%,0.26%,8.56,8.39
vape buy,73,78,737,809,9.91%,9.64%,6.4,7.57
vape burnt taste,73,62,472,447,15.47%,13.87%,1.38,1.45
best pod device,73,78,217,201,33.64%,38.81%,1.22,1.3
suorin vape,71,75,6246,5420,1.14%,1.38%,7.83,7.17
vaporesso tarot baby,71,108,1926,2183,3.69%,4.95%,7.83,7.51
vape mods 2020,71,0,360,0,19.72%,0%,4.14,0
vaoe,70,66,3405,3401,2.06%,1.94%,6.27,6.89
refillable pod vape,70,104,807,737,8.67%,14.11%,5.65,6.43
smok novo wont charge,70,20,324,317,21.6%,6.31%,1.75,4.71
best pod system vapes,70,108,199,256,35.18%,42.19%,1.4,1.08
e cigs like juul,70,48,121,108,57.85%,44.44%,2.03,1.88
best pods 2019,69,67,437,616,15.79%,10.88%,3.07,2.92
new vape mods 2020,69,0,345,0,20%,0%,3.05,0
smok vape not working,69,74,240,214,28.75%,34.58%,2.48,2.56
smok vapes,68,69,9175,8322,0.74%,0.83%,8.18,8.31
uwell crown pod,68,37,6868,4559,0.99%,0.81%,9.51,9.75
best vape tank 2019,68,113,848,1659,8.02%,6.81%,4.27,6.84
caliburn,67,29,47263,34520,0.14%,0.08%,6.49,5.99
lost vape,67,83,10494,9876,0.64%,0.84%,8.11,7.88
menthol vape juice,67,50,2612,2403,2.57%,2.08%,8.44,9.14
top pod vape,67,75,158,201,42.41%,37.31%,2.49,2.53
ohms too low smok,66,56,299,252,22.07%,22.22%,1.59,2.26
juul knockoff,66,47,207,193,31.88%,24.35%,2.22,1.87
stick vape,65,23,3284,3546,1.98%,0.65%,2.51,1.82
vaping shop,65,75,1111,1656,5.85%,4.53%,7.48,9
pod vape terbaik,65,156,619,2307,10.5%,6.76%,5.64,7.79
best small vape mod,65,73,611,607,10.64%,12.03%,5.86,5.26
best mtl pod,65,65,372,355,17.47%,18.31%,4.64,5.43
ohm too high smok,65,76,260,253,25%,30.04%,1.62,1.68
the best pod,65,66,188,201,34.57%,32.84%,1.62,1.7
pod mod,64,61,5419,4956,1.18%,1.23%,8.01,7.88
caliburn vape,64,44,3087,3496,2.07%,1.26%,10.07,9.39
smok al85,64,63,2816,3341,2.27%,1.89%,10.98,11.04
mtl vaping,64,46,1271,1249,5.04%,3.68%,3.63,4.33
ohm too high,64,67,342,398,18.71%,16.83%,2.56,3.16
vape like juul,64,58,250,280,25.6%,20.71%,2.08,2.77
top pod system,64,41,173,120,36.99%,34.17%,2.26,3.01
vaping. com,64,105,78,114,82.05%,92.11%,1,1
vaping.com reviews,63,75,306,383,20.59%,19.58%,1.71,2.26
smok rpm40 wont turn on,63,31,231,133,27.27%,23.31%,2.78,4.54
pen vapes,62,35,995,889,6.23%,3.94%,3.33,3.45
best box mods 2020,62,0,494,0,12.55%,0%,5.69,0
freemax twister 80w starter kit,62,29,286,231,21.68%,12.55%,4,4.71
best pod systems 2019,62,70,185,340,33.51%,20.59%,2.85,2.42
best pod for salt nic,62,33,160,128,38.75%,25.78%,3.28,3.09
smok nord 2 vs nord,62,0,154,0,40.26%,0%,3.43,0
vape liquid,61,79,6767,7665,0.9%,1.03%,14.1,13.1
sourin drop,61,50,4087,3569,1.49%,1.4%,7.75,7.21
pod mods,61,40,1332,1019,4.58%,3.93%,4.44,4.33
vaping store,61,41,1030,1030,5.92%,3.98%,6.41,6.48
best vape tank for flavor,61,44,634,619,9.62%,7.11%,3.4,6.55
uwell yearn,60,38,1968,1430,3.05%,2.66%,10.3,10.51
smok novo not charging,60,115,593,624,10.12%,18.43%,3.39,2.59
suorin air plus cartridge,60,18,504,538,11.9%,3.35%,6.33,7.66
small vape device,60,18,291,121,20.62%,14.88%,2.4,2.83
best vapes for salt nic,60,47,191,167,31.41%,28.14%,2.16,2.55
smok nord vs smok nord 2,60,0,126,0,47.62%,0%,3.79,0
best fruit vape juice,59,44,245,179,24.08%,24.58%,3.31,3.7
best mtl pod vape,59,41,179,139,32.96%,29.5%,1.15,2.59
mod vape,58,35,5888,5661,0.99%,0.62%,9.18,9.61
suorin air plus pod,58,40,1861,1348,3.12%,2.97%,8.97,10.23
nord 2 release date,58,0,348,0,16.67%,0%,3.9,0
how to start vaping,58,86,294,328,19.73%,26.22%,3.34,2.1
tear drop vape,58,48,257,230,22.57%,20.87%,1.02,1
smok nord wont hit,58,0,193,0,30.05%,0%,1.23,0
best pods vape,58,98,180,253,32.22%,38.74%,1.75,1.82
smok vape not charging,58,71,152,182,38.16%,39.01%,1.72,2.12
vape pens for sale,57,78,2382,3169,2.39%,2.46%,9.69,9.73
juul replacement,57,54,1142,1178,4.99%,4.58%,9.45,10.4
freemax twister vape,57,42,452,388,12.61%,10.82%,3.87,4.8
ohm too low,57,44,380,330,15%,13.33%,3.26,4.64
off brand juul,57,42,216,219,26.39%,19.18%,1.45,2.18
best pod kit,57,67,134,143,42.54%,46.85%,1.43,1.91
vape .com,57,42,111,81,51.35%,51.85%,2.17,2.05
novo 1,56,0,1442,0,3.88%,0%,7.47,0
vape.,56,52,1441,1432,3.89%,3.63%,5.55,5.74
best cheap vape,56,57,820,789,6.83%,7.22%,5.98,7.4
buy vape pen,56,45,632,1110,8.86%,4.05%,3.84,4.39
best salt nic device 2020,56,21,153,50,36.6%,42%,2.35,2.1
vape stick,55,61,5530,5374,0.99%,1.14%,1.81,2.3
smok infinix pods,55,109,1552,2435,3.54%,4.48%,7.29,5.42
smok novo2,55,60,1182,1048,4.65%,5.73%,5.92,5.46
top salt nic flavors 2019 malaysia,55,72,244,419,22.54%,17.18%,1.77,3.02
top vape pods,55,40,98,77,56.12%,51.95%,1.15,1.49
top vape brands,54,23,899,1011,6.01%,2.27%,4.53,7.19
vaping pods,54,73,717,757,7.53%,9.64%,2.82,2.64
vap pens,54,48,615,575,8.78%,8.35%,2.68,3.15
twister freemax,54,43,530,505,10.19%,8.51%,4.16,3.93
smok novo 2 pod,54,41,492,470,10.98%,8.72%,5.65,6.38
best refillable vapes,54,52,129,96,41.86%,54.17%,1.02,1
coil vape,53,63,4730,4426,1.12%,1.42%,6.66,5.87
smok rpm40 problems,53,20,325,123,16.31%,16.26%,4.74,6.2
best flavour pod,53,73,162,204,32.72%,35.78%,1.22,1.49
smok nova,52,72,1831,2295,2.84%,3.14%,5.74,4.13
what is mtl vaping,52,64,980,950,5.31%,6.74%,2.59,2.21
smok novo 2 replacement pods,52,32,508,396,10.24%,8.08%,4.49,7.43
smok slm pods,52,44,339,273,15.34%,16.12%,2.63,3.29
novo 2 charge time,52,37,183,140,28.42%,26.43%,1.03,1.04
nord,51,58,42043,34913,0.12%,0.17%,8.78,8.46
rba coil,51,82,1359,1482,3.75%,5.53%,5.46,5.51
why does my vape taste burnt with new coil,51,45,766,639,6.66%,7.04%,1.13,1.09
best cheap vapes,51,43,702,546,7.26%,7.88%,5.95,7.27
vape pod price,51,33,369,359,13.82%,9.19%,2.78,3.98
how to clean vape,51,52,343,365,14.87%,14.25%,1.06,2.52
smok nord burnt taste,51,45,171,229,29.82%,19.65%,1.14,2.33
difference between rpm and nord coils,51,28,166,68,30.72%,41.18%,1.07,1
best vape for salt nic,51,30,161,123,31.68%,24.39%,2.35,2.37
best refillable pod vape 2020,51,19,143,47,35.66%,40.43%,1.15,1.72
smok novo 1 vs 2,51,40,143,129,35.66%,31.01%,2.1,2.3
vape usa,50,29,1808,1559,2.77%,1.86%,6.73,8.41
novo 2 mesh pod,50,26,569,487,8.79%,5.34%,4.62,5.16
new coil tastes burnt,50,22,458,295,10.92%,7.46%,1.5,2.31
novo vs novo 2,50,82,442,419,11.31%,19.57%,1.16,1.31
best juul alternative 2019,50,37,438,612,11.42%,6.05%,1.04,2.94
best mtl pod system,50,18,236,194,21.19%,9.28%,4.67,6.88
best vape pods 2019,50,91,192,381,26.04%,23.88%,3.01,3.07
novo 1 vs novo 2,50,54,156,177,32.05%,30.51%,1.9,2.53
my smok nord won't hit,50,0,146,0,34.25%,0%,1.14,0
vaporesso target pm80,49,74,3332,5441,1.47%,1.36%,9.91,8.4
voopoo drag 2 platinum,49,83,1896,2258,2.58%,3.68%,7.16,6.54
suorin air plus pods,49,0,1308,0,3.75%,0%,9.53,0
vape mods kits,49,53,1149,979,4.26%,5.41%,8.39,8.48
best vape kit 2020,49,22,432,103,11.34%,21.36%,5.89,7.14
vaping.con,49,46,57,57,85.96%,80.7%,1,1
smok alien 220w,48,40,3113,3564,1.54%,1.12%,11.43,13.01
rda tank,48,45,2102,2142,2.28%,2.1%,7.39,7.82
vaping pens,48,24,1585,1448,3.03%,1.66%,5.46,7.98
vape juice nicotine levels,48,38,510,677,9.41%,5.61%,1.04,4.49
smok ohm too high,48,56,126,136,38.1%,41.18%,1.05,1.08
best salt nic pod system,48,33,112,89,42.86%,37.08%,2.1,2.27
top 10 pod systems,48,37,77,77,62.34%,48.05%,1.44,1.6
does vape juice expire,47,0,3109,0,1.51%,0%,1.62,0
voopoo too,47,31,1905,1908,2.47%,1.62%,7.96,6.78
smok pod system,47,22,1754,1737,2.68%,1.27%,2.5,3.93
morph 219 kit,47,46,911,896,5.16%,5.13%,5.42,5.19
ohms too low,47,38,713,625,6.59%,6.08%,4.2,5.48
rda meaning vape,47,75,694,846,6.77%,8.87%,1.01,1
refillable vape,47,29,614,267,7.65%,10.86%,7.36,7.53
new pod,47,57,502,479,9.36%,11.9%,1.91,2.34
vape devices like juul,47,29,180,113,26.11%,25.66%,1.75,3.01
smok novo 2 wattage,47,0,153,0,30.72%,0%,1.67,0
the best pod 2020,47,0,131,0,35.88%,0%,1.93,0
best pod for flavor,47,62,101,120,46.53%,51.67%,1.09,1.27
nord smok,46,51,7493,7877,0.61%,0.65%,7.85,8.1
stealth vape,46,44,3660,3676,1.26%,1.2%,4.1,3.82
wismec r80,46,0,3137,0,1.47%,0%,10.88,0
smok novo price,46,40,2064,1913,2.23%,2.09%,5.64,5.55
vape rba,46,30,436,400,10.55%,7.5%,6.96,6.78
top vape mods 2020,46,23,286,88,16.08%,26.14%,4.33,5.48
best salt nic malaysia,46,71,128,194,35.94%,36.6%,2.15,2.89
mini vape,45,38,2458,2224,1.83%,1.71%,8.31,9.11
stick v8,45,42,1780,1677,2.53%,2.5%,9.18,10.1
vapepen,45,36,1230,803,3.66%,4.48%,5.98,4.28
best mod 2019,45,86,629,1104,7.15%,7.79%,7.69,7.77
types of vape mods,45,41,533,524,8.44%,7.82%,2.26,4.47
juul vs,45,75,337,367,13.35%,20.44%,5.58,4.39
pod vape system,45,58,279,376,16.13%,15.43%,2.62,2.84
why wont my nord hit,45,0,204,0,22.06%,0%,1.05,0
smok vape novo,44,39,807,758,5.45%,5.15%,4.41,4.27
vape blog,44,52,436,469,10.09%,11.09%,2.26,2.27
best aio pod,44,53,329,407,13.37%,13.02%,5.83,6.47
top pod,44,49,252,239,17.46%,20.5%,2.39,2.61
smok not charging,44,50,146,172,30.14%,29.07%,1.58,1.7
best vape pod system 2019,44,109,134,378,32.84%,28.84%,3.96,2.99
vape stores,43,46,9932,11288,0.43%,0.41%,11.5,11.05
vape smok,43,72,5591,6856,0.77%,1.05%,5.67,4.23
vapor pen,43,32,1800,1792,2.39%,1.79%,3.93,5.09
vap pen,43,56,1320,1377,3.26%,4.07%,4.12,3.4
novo wont charge,43,19,334,358,12.87%,5.31%,1.99,5.27
relx vs caliburn,43,41,222,163,19.37%,25.15%,4.1,3.44
smok ohm too low,43,25,183,95,23.5%,26.32%,1.09,2.24
best salt nic mod,43,34,132,86,32.58%,39.53%,2.02,2.7
vapes like the juul,43,0,89,0,48.31%,0%,2.94,0
smok stick,42,37,3607,4242,1.16%,0.87%,9.7,8.81
pod aio terbaik,42,38,910,958,4.62%,3.97%,8.08,6.78
smok products,42,38,840,715,5%,5.31%,6,6.51
suorin plus,42,0,799,0,5.26%,0%,5.3,0
disposable vape tastes burnt,42,28,560,510,7.5%,5.49%,1.48,3.63
best box mods 2019,42,89,491,840,8.55%,10.6%,6.85,7.01
smok novo 2 starter kit,42,0,478,0,8.79%,0%,6.33,0
smok novo 2 charge time,42,51,287,304,14.63%,16.78%,2.21,2.09
salt vape mods,42,22,235,255,17.87%,8.63%,3.7,5.96
refillable pod vapes,42,18,222,140,18.92%,12.86%,4.1,4.99
salt nic vape devices,42,27,174,140,24.14%,19.29%,2.22,2.64
best juul replacement,42,67,155,215,27.1%,31.16%,2.14,3.73
top 10 pod,42,42,117,96,35.9%,43.75%,2.26,1.99
smok novo 2 light meaning,42,30,97,68,43.3%,44.12%,1,1
puff bar,41,0,6364,0,0.64%,0%,13.47,0
voopoo navi,41,71,5972,6206,0.69%,1.14%,8.83,9.37
uwell caliburn koko,41,68,3010,3291,1.36%,2.07%,8.43,7.46
drop vape,41,27,2087,1921,1.96%,1.41%,5.05,4.77
smok nord vape,41,39,2046,2164,2%,1.8%,7.73,7.85
salt nicotine,41,40,1859,3065,2.21%,1.31%,9.17,9.74
vape store online,41,33,1760,1340,2.33%,2.46%,13.17,18.18
smok nova 2,41,31,892,787,4.6%,3.94%,6.4,6.69
ipriv,41,33,854,664,4.8%,4.97%,2.05,2.12
smok novo starter kit,41,32,748,660,5.48%,4.85%,5.83,6.03
the truth about vaping,41,21,617,361,6.65%,5.82%,8.93,9.25
pod system vape terbaik,41,136,365,1648,11.23%,8.25%,7.93,8.22
my vape tastes burnt,41,35,264,227,15.53%,15.42%,1,1.02
novo 2 wattage,41,0,226,0,18.14%,0%,1.75,0
top pod 2020,41,0,131,0,31.3%,0%,2.17,0
best vape pod kit,41,58,103,148,39.81%,39.19%,1.5,2.39
the best pod vape,41,42,101,100,40.59%,42%,1.51,1.55
smok mods,40,50,4344,7280,0.92%,0.69%,8.76,7.84
online vape store,40,31,1469,1304,2.72%,2.38%,12.89,15.31
v8 vape,40,39,901,872,4.44%,4.47%,2.81,2.65
novo smok 2,40,24,734,571,5.45%,4.2%,6.38,6.61
juul pod alternative,40,0,496,0,8.06%,0%,6.51,0
pod vape price,40,33,303,355,13.2%,9.3%,1.97,3.06
best mini vapes,40,22,126,125,31.75%,17.6%,5.21,4.06
best compact vapes,40,24,60,42,66.67%,57.14%,1.38,1.57
voopoo drag 2,39,118,5546,11838,0.7%,1%,10.35,9.57
uwell koko,39,76,3458,4765,1.13%,1.59%,7.86,7.55
smok prince stick,39,49,2407,3112,1.62%,1.57%,8.34,7.39
heisenberg vape juice,39,43,1589,1526,2.45%,2.82%,7.19,6.81
juul wattage,39,51,520,483,7.5%,10.56%,1.12,1.06
moti vape pod,39,19,498,583,7.83%,3.26%,5.3,5.82
smok novo 1,39,26,478,560,8.16%,4.64%,5.06,6.27
refillable vapes,39,21,468,320,8.33%,6.56%,6.06,7.14
30ml vape tank,39,41,429,404,9.09%,10.15%,3.85,4.47
best smok tank,39,30,281,286,13.88%,10.49%,3.14,4.51
compact vape,39,23,251,242,15.54%,9.5%,3.59,5.94
smok nord won't charge,39,41,238,150,16.39%,27.33%,1.24,1.27
nord not hitting,39,21,189,145,20.63%,14.48%,1.06,4.33
smok rpm40 not working,39,0,132,0,29.55%,0%,3.67,0
top pod vapes,39,43,124,129,31.45%,33.33%,1.4,2.85
best refillable pod vapes,39,41,100,109,39%,37.61%,1.06,1.45
lost vape orion q,38,59,2986,3152,1.27%,1.87%,9.72,7.95
resa stick,38,32,2106,2034,1.8%,1.57%,6.97,7.15
smoke pod,38,0,1573,0,2.42%,0%,6.53,0
smok priv one,38,27,1413,1304,2.69%,2.07%,6.47,6.31
vape shope,38,34,1004,1075,3.78%,3.16%,2.95,3.5
pod devices,38,36,615,523,6.18%,6.88%,4.36,3.41
smok price,38,45,543,588,7%,7.65%,2.93,3.66
best fruit e juice,38,26,293,273,12.97%,9.52%,3.9,4.93
smok salt nic vapes,38,0,292,0,13.01%,0%,4.03,0
best salt nic flavors malaysia,38,52,195,234,19.49%,22.22%,2.74,3.2
the best pod system,38,24,114,88,33.33%,27.27%,3.12,3.45
fetch pro,37,0,2351,0,1.57%,0%,10.7,0
vapers,37,0,1659,0,2.23%,0%,7.04,0
vaper shop,37,25,862,666,4.29%,3.75%,7.83,8.16
suorin air plus review,37,39,756,787,4.89%,4.96%,5.35,5.57
smok novo 2 not hitting,37,59,752,766,4.92%,7.7%,4.59,4.74
how to clean a vape,37,70,456,466,8.11%,15.02%,1,3.67
ohm too low smok,37,24,287,239,12.89%,10.04%,2.9,3.39
best mod vape 2020,37,0,259,0,14.29%,0%,4.76,0
caliburn vs relx,37,24,160,84,23.12%,28.57%,3.4,3.6
suorin air vs air plus,37,34,138,185,26.81%,18.38%,2.17,2.26
best pod device 2020,37,0,106,0,34.91%,0%,2.05,0
latest pod,37,43,105,98,35.24%,43.88%,1.05,1.19
best salt nic vape 2020,37,23,101,39,36.63%,58.97%,2.21,1
smok e cig,36,60,1587,1673,2.27%,3.59%,7.75,6.58
top vape mods,36,39,967,988,3.72%,3.95%,7.97,7.27
smok novo 2 coils,36,0,599,0,6.01%,0%,6.7,0
smok novo 2 not charging,36,36,424,319,8.49%,11.29%,4.02,4.16
smok rpm40 not turning on,36,18,234,150,15.38%,12%,3.31,4.61
best vape pod malaysia,36,0,127,0,28.35%,0%,5.45,0
novo vape pen,36,34,98,103,36.73%,33.01%,1.64,1.57
vape pens like juul,36,35,94,130,38.3%,26.92%,1.07,1.03
things like juuls,36,35,90,89,40%,39.33%,1,1
smok novo 2 vs novo,36,38,87,92,41.38%,41.3%,1.31,1.25
difference between rpm and nord,36,35,58,79,62.07%,44.3%,1,1
phix,35,48,9154,8740,0.38%,0.55%,8.04,7.89
vape starter kits,35,41,1759,1709,1.99%,2.4%,7.29,8.99
smok website,35,37,1550,1453,2.26%,2.55%,2.87,2.67
drag nano pod,35,29,1401,1280,2.5%,2.27%,7.5,7.8
vape box mod kit,35,23,782,787,4.48%,2.92%,7.11,6.61
mini vapes,35,20,657,589,5.33%,3.4%,5.43,7.83
drag nano pod kit,35,23,610,488,5.74%,4.71%,6.02,6.44
best tank for flavor,35,25,598,683,5.85%,3.66%,4.61,7.64
best tank vape,35,22,464,440,7.54%,5%,5.07,6.84
v8 stick vape,35,32,182,143,19.23%,22.38%,2.19,2.25
smok novo 2 vape,35,0,167,0,20.96%,0%,4.33,0
juul type vapes,35,40,163,144,21.47%,27.78%,1.07,1.46
vape similar to juul,35,57,154,196,22.73%,29.08%,2.99,2.72
best mod pod,35,26,152,126,23.03%,20.63%,2.65,3.24
pod vape 2020,35,0,138,0,25.36%,0%,4.33,0
best pod kit 2020,35,0,128,0,27.34%,0%,3.18,0
smallest pod vape,35,25,104,80,33.65%,31.25%,2.25,3.15
top pod system 2020,35,0,90,0,38.89%,0%,2.82,0
smok nord taste burnt,35,0,87,0,40.23%,0%,1.13,0
best pod style vape,35,25,71,68,49.3%,36.76%,1.79,1.94
smok prince ile wat,35,32,58,50,60.34%,64%,1,1
best vape pen,34,0,1894,0,1.8%,0%,25.9,0
suorin reno,34,0,1785,0,1.9%,0%,8.7,0
does vape juice go bad,34,35,1120,943,3.04%,3.71%,1.6,1.83
throat hit,34,24,644,696,5.28%,3.45%,2.87,3.66
salt nic vape mod,34,23,419,287,8.11%,8.01%,6.41,6.91
smok nord won't turn on,34,33,371,413,9.16%,7.99%,4.19,4.24
rba atomizer,34,24,242,269,14.05%,8.92%,3.89,3.72
how to clean a vape tank,34,28,204,244,16.67%,11.48%,1.02,2.5
burnt taste in vape,34,0,87,0,39.08%,0%,1.05,0
top vape pod,34,46,68,100,50%,46%,2.97,1.39
smoke novo,33,38,1144,1098,2.88%,3.46%,5.97,5.36
how long do vape coils last,33,25,639,609,5.16%,4.11%,4.37,5.37
smok ipriv,33,30,508,499,6.5%,6.01%,3.33,3.33
rba tank,33,26,506,516,6.52%,5.04%,5.08,6.13
smok pod systems,33,21,393,248,8.4%,8.47%,1.83,2.14
rta meaning vape,33,42,359,399,9.19%,10.53%,1,1
pods terbaik 2020,33,19,323,146,10.22%,13.01%,6.6,9.58
smok v9 max coils,33,0,311,0,10.61%,0%,3.2,0
triangle vape,33,25,270,225,12.22%,11.11%,1.17,2.12
smok novo 2 mesh pod,33,0,193,0,17.1%,0%,4.33,0
novo2 pods,33,19,172,114,19.19%,16.67%,3.46,4
smok novo 2 juice,33,19,156,92,21.15%,20.65%,2.48,3.75
smallest vapes,33,40,119,102,27.73%,39.22%,1.01,1.04
best pod 2019 malaysia,33,37,115,158,28.7%,23.42%,3.67,3.02
best nic salt vapes,33,22,98,93,33.67%,23.66%,2.64,3.12
what nicotine level should i vape,33,0,95,0,34.74%,0%,1.66,0
smok novo 2 pre filled pods,33,49,91,106,36.26%,46.23%,1.07,1.09
the best vape pod,33,48,78,87,42.31%,55.17%,1.37,1.75
top pod 2019,33,55,72,146,45.83%,37.67%,2.25,2.01
best vapes 2019,32,90,1579,2760,2.03%,3.26%,6.56,5.6
best vapes,32,40,1249,2746,2.56%,1.46%,8.83,4.6
parts of vape,32,33,581,710,5.51%,4.65%,3.07,3.09
best vape brand,32,48,498,1335,6.43%,3.6%,3.4,4.56
online vape stores,32,0,425,0,7.53%,0%,14.28,0
air plus vape,32,0,378,0,8.47%,0%,4.56,0
2020 vape mods,32,0,347,0,9.22%,0%,5.33,0
rda vape meaning,32,46,338,362,9.47%,12.71%,1.08,1.01
vapes pens,32,26,319,300,10.03%,8.67%,1.71,2.08
pod system terbaik,32,58,306,585,10.46%,9.91%,6.54,5.77
smok nord 2 review,32,0,301,0,10.63%,0%,10.75,0
smok rpm40 ohms too high,32,23,165,97,19.39%,23.71%,3.15,3.22
products similar to juul,32,50,66,69,48.48%,72.46%,1.02,1.06
juul similar devices,32,0,50,0,64%,0%,1.24,0
what do you need to vape,32,28,48,58,66.67%,48.28%,1.44,1.69
vape. com,32,31,43,47,74.42%,65.96%,1.05,1.09
smok pod,31,23,7530,8822,0.41%,0.26%,2.68,2.04
phix vape,31,45,2635,2925,1.18%,1.54%,8.19,7.46
smok nord aio 19,31,26,793,656,3.91%,3.96%,6.58,6.45
starter kit vape,31,28,787,673,3.94%,4.16%,6.14,5.08
vaporesso tarot mini,31,55,767,896,4.04%,6.14%,6.53,6.49
juice for vape,31,0,511,0,6.07%,0%,2.47,0
truth about vaping,31,21,303,243,10.23%,8.64%,9.51,9.65
pod recommended,31,45,231,421,13.42%,10.69%,3.82,4.7
best nic salt mods,31,18,211,175,14.69%,10.29%,2.78,3.7
is salt nicotine bad,31,41,144,216,21.53%,18.98%,1.92,2.01
small pod vape,31,18,125,82,24.8%,21.95%,1.91,2.48
burnt disposable vape,31,0,107,0,28.97%,0%,1.5,0
smok ohms too low,31,38,99,123,31.31%,30.89%,1.18,1.72
smok species won't turn on,31,0,75,0,41.33%,0%,2.43,0
nord 1 vs nord 2,31,0,60,0,51.67%,0%,3.15,0
smok rpm40 kit,30,53,2992,5372,1%,0.99%,8.71,8.52
vaping mods,30,21,1452,1412,2.07%,1.49%,8.3,8.99
morph 219,30,27,876,789,3.42%,3.42%,6.03,5.74
best vape 2019,30,76,862,1734,3.48%,4.38%,7.24,6.02
popular vape brands,30,22,822,885,3.65%,2.49%,4.63,5
vape pena,30,25,467,460,6.42%,5.43%,3.85,4.27
smok nord short circuit fix,30,22,340,265,8.82%,8.3%,3.66,3.99
novo smok vape,30,40,299,262,10.03%,15.27%,4.33,4.06
rda rta,30,35,287,265,10.45%,13.21%,6.32,5.92
lowest nicotine vape,30,19,228,195,13.16%,9.74%,1.28,3.04
novo 2 mesh pods,30,0,207,0,14.49%,0%,4.21,0
novo 2 juice,30,0,156,0,19.23%,0%,2.89,0
best pod devices,30,55,111,143,27.03%,38.46%,1.02,1.6
iqos or vape,30,0,86,0,34.88%,0%,4.1,0
best smok vape pen,30,29,78,90,38.46%,32.22%,1.05,2.04
top pod system 2019,30,18,53,59,56.6%,30.51%,2.19,3.54
smok troubleshooting,30,35,48,68,62.5%,51.47%,1.33,1.06
drag 2 platinum,29,27,1755,1979,1.65%,1.36%,7.81,7.67
smok stick x8,29,33,1101,1086,2.63%,3.04%,6.62,6.7
moti pod,29,0,842,0,3.44%,0%,6.88,0
smok priv v8 kit,29,33,831,806,3.49%,4.09%,7.46,7.74
can vape juice go bad,29,22,817,744,3.55%,2.96%,1.57,3.07
vape online store,29,0,785,0,3.69%,0%,11.24,0
novo 2 not hitting,29,30,750,554,3.87%,5.42%,5.22,5.64
free max twister,29,0,478,0,6.07%,0%,4.45,0
smok nord specs,29,36,313,324,9.27%,11.11%,1.18,1.21
what is rda vape,29,29,295,266,9.83%,10.9%,1.51,1.07
smok priv n19 replacement coils,29,38,236,233,12.29%,16.31%,2.93,3.36
suprin air plus,29,0,228,0,12.72%,0%,3.78,0
pod vape pen,29,56,201,295,14.43%,18.98%,2.34,2.76
smok twister,29,28,177,140,16.38%,20%,1.38,1.23
priv n19 coils,29,27,167,96,17.37%,28.12%,2.43,2.69
smok vape parts,29,27,163,120,17.79%,22.5%,1.55,1.66
best pod flavors,29,32,126,146,23.02%,21.92%,3.23,3.67
rta rda,29,25,118,105,24.58%,23.81%,5.97,4.58
vape pod 2020,29,0,110,0,26.36%,0%,4.38,0
best pod vapes 2019,29,67,105,238,27.62%,28.15%,2.35,1.88
smok novo pre filled pods,29,23,52,45,55.77%,51.11%,1.06,1.16
best replacement for juul,29,30,45,45,64.44%,66.67%,1.58,1.42
nicotine salts,28,55,1650,3276,1.7%,1.68%,11.56,11.16
best mod vape,28,0,913,0,3.07%,0%,9.34,0
vape novo,28,48,886,938,3.16%,5.12%,5.34,4.89
smok priv m17,28,26,814,843,3.44%,3.08%,6.4,6.28
suorin drop vape,28,24,757,721,3.7%,3.33%,6.28,6.21
smok n19,28,0,576,0,4.86%,0%,6.95,0
refillable vape pods,28,21,468,343,5.98%,6.12%,6.38,7.19
rpm coil vs nord coil,28,0,423,0,6.62%,0%,6.36,0
pod aio terbaik 2020,28,0,304,0,9.21%,0%,8.28,0
best vape tanks 2019,28,44,295,586,9.49%,7.51%,4.37,6.37
what is a vape pod,28,0,278,0,10.07%,0%,5.68,0
what is rba vape,28,36,242,191,11.57%,18.85%,1,1.01
smok salt nic vape,28,48,239,443,11.72%,10.84%,5.61,4.79
caliburn vs koko,28,0,175,0,16%,0%,4.94,0
best vapes of 2020,28,0,140,0,20%,0%,5.33,0
new pod vape,28,0,137,0,20.44%,0%,3.2,0
v8 stick smok,28,26,134,123,20.9%,21.14%,3,2.75
best fruity e juice,28,0,98,0,28.57%,0%,2.7,0
buying a vape,28,0,90,0,31.11%,0%,3.61,0
nova 2 pods,28,0,84,0,33.33%,0%,2.64,0
50 nic vapes,28,18,75,59,37.33%,30.51%,1.08,2.76
recommended pod,28,0,72,0,38.89%,0%,2.65,0
best flavor pod,28,39,68,83,41.18%,46.99%,1.19,1.39
best pod system for salt nic,28,27,53,79,52.83%,34.18%,2.57,4.38
new pod system 2020,28,19,51,40,54.9%,47.5%,1.9,2.27
smok fetch,27,33,9512,26685,0.28%,0.12%,9.97,9.19
the vape shop,27,0,5213,0,0.52%,0%,10.92,0
freemax,27,0,3560,0,0.76%,0%,8.89,0
smoke vape,27,0,3066,0,0.88%,0%,10.01,0
sourin edge,27,40,3020,2651,0.89%,1.51%,6.92,6.08
vape website,27,18,660,602,4.09%,2.99%,9.01,9.6
how much is a vape pen,27,0,592,0,4.56%,0%,3.37,0
vaping headache,27,0,586,0,4.61%,0%,4.12,0
salt nic vape,27,0,507,0,5.33%,0%,8.95,0
aio pod terbaik,27,24,438,382,6.16%,6.28%,7.63,8.72
smok morph 219 mod,27,0,422,0,6.4%,0%,5.53,0
vape pins,27,21,414,352,6.52%,5.97%,2.58,2.81
vape coil price,27,29,314,383,8.6%,7.57%,4,4.74
how much nicotine in vape,27,46,294,301,9.18%,15.28%,2.91,2.87
vapes that look like juuls,27,37,256,339,10.55%,10.91%,2.59,2.17
vaping wattage sweet spot,27,0,250,0,10.8%,0%,3.01,0
novo vape kit,27,31,241,236,11.2%,13.14%,4.05,4.38
smok rpm40 ohms too low,27,0,215,0,12.56%,0%,3.56,0
best stealth vape,27,25,201,244,13.43%,10.25%,1.81,4.44
freemax twister tank,27,0,184,0,14.67%,0%,2.89,0
how to clean your vape,27,21,163,158,16.56%,13.29%,1,2.4
smok v fin battery error fix,27,0,147,0,18.37%,0%,3.59,0
why wont my smok novo charge,27,0,123,0,21.95%,0%,1.09,0
top salt nic vapes,27,0,91,0,29.67%,0%,2.21,0
smok novo 2 vs juul,27,0,89,0,30.34%,0%,2.71,0
new pod vape 2020,27,0,64,0,42.19%,0%,1.95,0
best open pod vape,27,22,53,49,50.94%,44.9%,3.45,3.37
vaping com,27,18,29,23,93.1%,78.26%,1,1
smok mico,26,44,8391,9055,0.31%,0.49%,8.66,7.64
smok mod,26,21,4002,3927,0.65%,0.53%,7.8,7.17
smok prince,26,30,3114,3996,0.83%,0.75%,9.28,8.13
orion q pro,26,32,2298,2132,1.13%,1.5%,9.38,8.94
rta tank,26,25,937,1177,2.77%,2.12%,13.35,13.81
vape rta,26,26,853,766,3.05%,3.39%,8.68,8.63
how long does a vape coil last,26,21,759,684,3.43%,3.07%,4.7,5.49
vape.juice,26,0,707,0,3.68%,0%,7.44,0
nord aio 19,26,0,595,0,4.37%,0%,7.23,0
high nicotine vape juice,26,21,567,526,4.59%,3.99%,6.4,5.55
tobacco monster,26,0,393,0,6.62%,0%,4.37,0
why wont my novo charge,26,20,392,503,6.63%,3.98%,2.38,4.39
burnt taste vape,26,33,390,517,6.67%,6.38%,2.26,2.42
tiny vape,26,26,328,278,7.93%,9.35%,2.51,2.85
why is my nord not hitting,26,0,180,0,14.44%,0%,1.47,0
types of vapes like juuls,26,40,151,144,17.22%,27.78%,1.07,1.05
simple vape pen,26,25,149,118,17.45%,21.19%,1.41,1.36
freemax twister 80w kit,26,0,144,0,18.06%,0%,3.67,0
novo device,26,0,129,0,20.16%,0%,1.93,0
new pod systems 2020,26,0,120,0,21.67%,0%,3.27,0
juul substitute,26,26,113,118,23.01%,22.03%,2.93,3.09
best nic salt device 2020,26,0,89,0,29.21%,0%,2.97,0
best juice for novo 2,26,0,89,0,29.21%,0%,3.24,0
devices similar to juul,26,31,81,86,32.1%,36.05%,2.1,1.49
smok novo 2 salt nic pod,26,29,64,65,40.62%,44.62%,1,1
best nic salt pod system,26,28,56,72,46.43%,38.89%,2.18,3.04
is vaping salt nicotine bad for you,26,0,41,0,63.41%,0%,1.2,0
nord kit,25,31,4336,4674,0.58%,0.66%,6.8,6.38
stick prince,25,25,2631,2563,0.95%,0.98%,10.56,9.35
vinci voopoo,25,24,2241,3475,1.12%,0.69%,7.52,7.64
vinci mod pod,25,23,2146,3331,1.16%,0.69%,8.1,7.82
vaporesso revenger x,25,54,1843,2027,1.36%,2.66%,13.56,13.33
nord 2 vape,25,0,1820,0,1.37%,0%,10.35,0
air vape,25,0,1353,0,1.85%,0%,4.02,0
buy vape juice online,25,20,1341,1623,1.86%,1.23%,13.33,13.11
vaporesso gen kit,25,31,1087,1272,2.3%,2.44%,9.45,8.49
vapes online,25,0,961,0,2.6%,0%,11.42,0
vape pin,25,40,782,708,3.2%,5.65%,3.73,2.86
smok nord 2 kit,25,0,747,0,3.35%,0%,13.76,0
smok morph kit,25,0,705,0,3.55%,0%,6.64,0
vaping kits,25,31,593,708,4.22%,4.38%,8.88,9.67
vape.pen,25,26,579,551,4.32%,4.72%,4.52,3.75
vapes.,25,0,523,0,4.78%,0%,5.26,0
best tanks vape,25,22,464,472,5.39%,4.66%,3.64,6.38
highest nicotine juice,25,47,404,568,6.19%,8.27%,1,1
why does my vape taste burnt even with a new coil,25,26,364,345,6.87%,7.54%,1.01,1.01
vaper store,25,0,341,0,7.33%,0%,5.3,0
sigelei shikra coils,25,59,286,435,8.74%,13.56%,4.36,4.51
smok morph 219 price,25,22,258,181,9.69%,12.15%,2.82,2.7
best vape mod for flavor,25,25,229,242,10.92%,10.33%,4.43,4.27
rta vape meaning,25,43,225,281,11.11%,15.3%,1,1.01
first time vaping,25,21,161,150,15.53%,14%,2.75,2.77
nord wont hit,25,0,130,0,19.23%,0%,1.04,0
smok vape won't charge,25,46,111,135,22.52%,34.07%,1.58,2.06
which novo 2 pod is for salt nic,25,27,99,109,25.25%,24.77%,1.01,1
smok ohms too high,25,38,96,91,26.04%,41.76%,1.09,1.11
smok wont turn on,25,0,91,0,27.47%,0%,3.05,0
smok novo vape kit,25,0,86,0,29.07%,0%,4.13,0
best pod system for nic salts,25,0,73,0,34.25%,0%,3.27,0
best pod 2020 malaysia,25,0,64,0,39.06%,0%,2.88,0
best smok pod,25,31,58,84,43.1%,36.9%,1.66,1.89
pre filled novo pods,25,31,56,77,44.64%,40.26%,1.18,1.14
best pod e cig,25,42,54,66,46.3%,63.64%,1.63,1.21
juul dupes,25,25,43,52,58.14%,48.08%,2.47,2.48
best e cig pod system,25,19,41,27,60.98%,70.37%,1.98,1.78
novo 2 juice flavors,25,0,40,0,62.5%,0%,1.07,0
juice vape,24,21,4479,2748,0.54%,0.76%,9.37,9.83
smok starter kit,24,41,1454,1848,1.65%,2.22%,8.15,8.22
tarot baby,24,27,1170,1367,2.05%,1.98%,9.21,8.3
smok ecig,24,34,1094,1055,2.19%,3.22%,7.31,6.06
uwell crown pod review,24,29,625,846,3.84%,3.43%,7.49,7.13
sourin plus,24,0,623,0,3.85%,0%,5.03,0
vape mod starter kit,24,28,595,589,4.03%,4.75%,8.89,9.28
vape alternative,24,23,483,973,4.97%,2.36%,2.87,8.09
flavour pod terbaik,24,0,263,0,9.13%,0%,5.61,0
best vape pen 2019,24,67,257,434,9.34%,15.44%,3.47,1.32
rpm vs nord coil,24,0,245,0,9.8%,0%,5.61,0
pod recommended 2020,24,0,153,0,15.69%,0%,2.6,0
smok priv n19 not firing,24,19,111,88,21.62%,21.59%,2.12,3.88
smok mag replacement parts,24,0,110,0,21.82%,0%,1.76,0
knock off juul,24,24,93,119,25.81%,20.17%,1.45,2.38
pod type c,24,0,86,0,27.91%,0%,3.43,0
top pod systems,24,35,73,68,32.88%,51.47%,2.3,2.04
best 18650 mod,24,0,70,0,34.29%,0%,3.5,0
smok novo 2 salt nic,24,22,65,51,36.92%,43.14%,1.03,1.08
novo 2 light meanings,24,0,60,0,40%,0%,1,0
best vape pod systems,24,54,60,124,40%,43.55%,1.22,1.16
top 10 vape pods,24,26,56,58,42.86%,44.83%,1.29,1.57
small refillable vape,24,32,50,49,48%,65.31%,2.14,2.27
smok nord tastes burnt,24,37,49,77,48.98%,48.05%,1.2,1.26
best pod devices 2020,24,0,49,0,48.98%,0%,1.55,0
things like juul,24,25,46,48,52.17%,52.08%,1.5,1.29
vape brands,23,0,4571,0,0.5%,0%,3.02,0
target pm80,23,39,2219,2518,1.04%,1.55%,9.04,7.88
smok.com,23,34,1556,1474,1.48%,2.31%,6.21,6.17
best nic salt juice,23,0,1066,0,2.16%,0%,10.36,0
vaping juice,23,21,935,978,2.46%,2.15%,7.98,8.47
prince stick vape,23,18,778,710,2.96%,2.54%,6.05,6.42
smok novo 2 colors,23,0,760,0,3.03%,0%,3.2,0
vape websites,23,28,657,763,3.5%,3.67%,17.48,16.22
moti pods,23,0,656,0,3.51%,0%,7.88,0
smok stick v8 kit,23,20,566,654,4.06%,3.06%,10.67,13
vaporesso luxe mod,23,21,478,580,4.81%,3.62%,8.36,7.3
nova smok,23,30,351,311,6.55%,9.65%,4.37,4.1
vape pod devices,23,0,333,0,6.91%,0%,4.56,0
best aio vape 2020,23,0,314,0,7.32%,0%,8.42,0
rba meaning vape,23,30,283,329,8.13%,9.12%,1,1
is salt nic safe,23,0,282,0,8.16%,0%,3.41,0
small vape pods,23,32,242,206,9.5%,15.53%,2.67,2.48
sigelei chronus coils,23,32,226,325,10.18%,9.85%,3.61,3.6
snowwolf mfeng coils,23,0,219,0,10.5%,0%,3.52,0
vaping blog,23,22,215,212,10.7%,10.38%,1.97,1.94
vape pod kits,23,0,195,0,11.79%,0%,5.36,0
novo 2 charging,23,0,148,0,15.54%,0%,3.16,0
smok x priv not turning on,23,0,148,0,15.54%,0%,3.58,0
pod system 2020,23,0,125,0,18.4%,0%,4.44,0
moti pre filled pods,23,0,105,0,21.9%,0%,9.92,0
small vape devices,23,37,93,134,24.73%,27.61%,1.2,1.5
freemax twister vape pen,23,0,87,0,26.44%,0%,2.43,0
refillable pod systems,23,18,79,80,29.11%,22.5%,2.28,3.21
teardrop shaped vape,23,20,64,69,35.94%,28.99%,1,1
best pod in malaysia,23,0,62,0,37.1%,0%,3.81,0
nicotine devices like juul,23,0,59,0,38.98%,0%,2.07,0
vapes with refillable pods,23,0,58,0,39.66%,0%,1.07,0
smok novo2 pods,23,0,44,0,52.27%,0%,2.61,0
top 10 pod vapes,23,42,41,77,56.1%,54.55%,1.1,1.13
smok tanks,22,43,2437,2556,0.9%,1.68%,9.15,7.93
infinix vape,22,25,2333,2169,0.94%,1.15%,9,7.9
vaporesso pm80,22,22,1569,1434,1.4%,1.53%,8.59,7.48
vaporesso renova zero,22,20,1305,1270,1.69%,1.57%,9.21,9.79
vape ahop,22,23,1089,1229,2.02%,1.87%,2.84,2.68
vape rda,22,24,954,886,2.31%,2.71%,8.11,7.75
smok 2,22,22,920,635,2.39%,3.46%,7.35,6.92
best box mod,22,23,880,1030,2.5%,2.23%,9.18,8.77
smok t storm,22,26,842,900,2.61%,2.89%,6.61,6.91
best mod,22,0,752,0,2.93%,0%,9.14,0
smok nord not firing,22,19,694,936,3.17%,2.03%,6.77,6.73
vale shop,22,0,694,0,3.17%,0%,8.01,0
novo vapes,22,0,678,0,3.24%,0%,6.14,0
spesifikasi smok novo,22,0,620,0,3.55%,0%,8.7,0
novo colors,22,21,615,560,3.58%,3.75%,1.02,1.01
mtl vape meaning,22,27,546,583,4.03%,4.63%,2.89,3.67
novo 2 coils,22,0,427,0,5.15%,0%,5.95,0
voopoo drag nano pod kit,22,0,412,0,5.34%,0%,6.84,0
atomizer short smok,22,38,406,349,5.42%,10.89%,6.19,4.81
juul battery mah,22,34,377,438,5.84%,7.76%,2.72,3.03
smok nord coils free shipping,22,24,368,359,5.98%,6.69%,9.36,8.34
smok m2 coil,22,27,346,339,6.36%,7.96%,4.34,4.17
mod pod vape,22,0,305,0,7.21%,0%,4.46,0
smok priv v8 coils,22,30,287,319,7.67%,9.4%,3.02,3.31
smok rha 220w,22,0,261,0,8.43%,0%,6.35,0
best vape kits 2020,22,0,217,0,10.14%,0%,6.06,0
new pod systems,22,29,211,215,10.43%,13.49%,3.39,3.4
cleaning vape tank,22,21,208,206,10.58%,10.19%,1.29,1.06
new coil tastes burnt smok,22,20,205,167,10.73%,11.98%,2.05,2.02
top vapes 2020,22,0,186,0,11.83%,0%,4.08,0
vape.pens,22,0,168,0,13.1%,0%,3.08,0
why is my smok vape not charging,22,31,148,144,14.86%,21.53%,1.49,1.74
burnt coil taste,22,32,147,139,14.97%,23.02%,1.03,1.04
caliburn burnt taste,22,20,147,135,14.97%,14.81%,3.41,2.99
tiny vapes,22,18,131,119,16.79%,15.13%,1,1.81
best juice for smok novo,22,0,121,0,18.18%,0%,2.46,0
smok slim kit,22,0,115,0,19.13%,0%,2.92,0
how to reset smok vape,22,23,90,60,24.44%,38.33%,1,1.82
best fruity vape juice 2019,22,29,84,104,26.19%,27.88%,3.08,1.88
salt vape devices,22,0,75,0,29.33%,0%,1.8,0
best nicotine salt device,22,19,68,67,32.35%,28.36%,2.94,4.7
best vape devices 2020,22,0,67,0,32.84%,0%,2.03,0
best small refillable vape,22,0,67,0,32.84%,0%,2.52,0
my smok wont turn on,22,0,64,0,34.38%,0%,2.83,0
best salt nic juice malaysia,22,0,62,0,35.48%,0%,2.4,0
ohms too high smok,22,30,61,90,36.07%,33.33%,1.66,2.77
smok not working,22,34,52,53,42.31%,64.15%,2.37,1.51
best mouth to lung pod vape,22,0,50,0,44%,0%,1.32,0
best small vape device,22,0,46,0,47.83%,0%,1.85,0
best vaping pod system,22,40,45,64,48.89%,62.5%,1.78,1.58
pod best seller,22,31,44,53,50%,58.49%,1,1.13
smok rpm coil differences,22,19,36,40,61.11%,47.5%,1.08,1.3
best alternatives to juul,22,18,33,29,66.67%,62.07%,1.94,1.97
vaping.com track order,22,22,24,23,91.67%,95.65%,1,1
vaporesso gen,21,30,3396,8557,0.62%,0.35%,13.05,9.94
mods vape,21,28,1851,2047,1.13%,1.37%,9.85,10.96
stick prince vape,21,0,1300,0,1.62%,0%,7.69,0
cheap vape pens,21,0,1132,0,1.86%,0%,11.9,0
vaoe shop,21,22,909,937,2.31%,2.35%,2.87,2.77
best box mods,21,27,690,701,3.04%,3.85%,7.99,8.63
priv n19,21,24,654,565,3.21%,4.25%,5.85,5.46
mint juul pods,21,0,623,0,3.37%,0%,16.98,0
smoke novo 2,21,0,547,0,3.84%,0%,6.59,0
suorin reno review,21,0,483,0,4.35%,0%,5.37,0
how much is a novo 2,21,0,442,0,4.75%,0%,3.31,0
best mods 2019,21,49,401,797,5.24%,6.15%,6.67,7.41
shop vape,21,21,386,578,5.44%,3.63%,8.53,9.99
smok mico price,21,23,379,298,5.54%,7.72%,3.78,3.28
what is an rta,21,20,366,573,5.74%,3.49%,1.36,1.18
priv n19 kit,21,0,312,0,6.73%,0%,6.75,0
draw activated vape,21,0,235,0,8.94%,0%,5.49,0
vape pod terbaik,21,53,162,1053,12.96%,5.03%,5.92,6.62
vaping nicotine levels,21,0,152,0,13.82%,0%,1.12,0
pre filled pods,21,0,140,0,15%,0%,1.2,0
pod terbaru,21,29,138,297,15.22%,9.76%,2.62,2.87
best salt nic vapes 2019,21,18,129,196,16.28%,9.18%,2.46,1.94
vape com,21,0,107,0,19.63%,0%,1.24,0
best pod system vape 2018,21,0,82,0,25.61%,0%,6.32,0
smallest vape pod,21,26,71,84,29.58%,30.95%,1.54,2.6
good salt nic vapes,21,0,61,0,34.43%,0%,1.92,0
vape tastes burnt with new coil,21,32,57,125,36.84%,25.6%,1.28,1.45
smok nord vs,21,35,51,89,41.18%,39.33%,2.92,3.69
nord rpm pod,21,0,50,0,42%,0%,1.92,0
best vape stick 2019,21,33,49,71,42.86%,46.48%,2.22,1.06
smallest vape pod system,21,0,42,0,50%,0%,2.14,0
suorin drop vs suorin air,21,0,39,0,53.85%,0%,2.1,0
difference between nord and rpm,21,32,35,68,60%,47.06%,1.34,1.24
best refillable vape pod system,21,18,31,28,67.74%,64.29%,1,1
smallest refillable vape,21,18,31,30,67.74%,60%,1.13,1.13
smok morph ohms too high,21,26,30,52,70%,50%,1,1.15
vaping.com shipping,21,0,30,0,70%,0%,1,0
smok store,20,0,3232,0,0.62%,0%,8.44,0
best vape,20,49,2828,5301,0.71%,0.92%,11.26,12.18
smok mag grip,20,28,2347,2584,0.85%,1.08%,9.77,8.49
smok vape mod,20,38,2213,2364,0.9%,1.61%,9.53,9.54
dot aio,20,33,1677,2051,1.19%,1.61%,8.38,7.79
vape machine,20,0,1393,0,1.44%,0%,10.34,0
how much nicotine is in a vape,20,27,1372,1230,1.46%,2.2%,8.16,5.88
smok v9 max,20,29,1328,1304,1.51%,2.22%,8.97,8.54
vap shop,20,18,1116,1120,1.79%,1.61%,5.3,5.91
best sub ohm tank,20,23,1010,852,1.98%,2.7%,12.72,13.64
mod kit,20,0,751,0,2.66%,0%,6.62,0
vaping kit,20,19,675,1332,2.96%,1.43%,5.48,4.2
what wattage should i vape at,20,0,464,0,4.31%,0%,5.9,0
bvape,20,20,446,474,4.48%,4.22%,5.24,5.22
biggest vape tank,20,26,396,340,5.05%,7.65%,4.16,4.34
best sub ohm mod,20,0,346,0,5.78%,0%,7.46,0
cheap pod systems,20,34,341,349,5.87%,9.74%,4.3,3.9
wet lung vaping,20,0,301,0,6.64%,0%,6.92,0
is salt nic bad for you,20,50,290,346,6.9%,14.45%,2.64,2.4
different types of juuls,20,24,267,298,7.49%,8.05%,1.63,2.03
why is my novo not charging,20,0,209,0,9.57%,0%,2.94,0
smok morph 219 battery,20,0,197,0,10.15%,0%,3.41,0
cheap pod vapes,20,0,190,0,10.53%,0%,5.39,0
smok slm kit,20,21,171,142,11.7%,14.79%,2.92,3.55
juul battery capacity,20,0,151,0,13.25%,0%,2.38,0
priv n19 vape pen,20,0,132,0,15.15%,0%,3.69,0
vapepens,20,0,122,0,16.39%,0%,2.81,0
new coil burnt taste,20,21,119,217,16.81%,9.68%,2.21,2.49
clean vape tank,20,0,112,0,17.86%,0%,1.04,0
uwell koko vs caliburn,20,0,112,0,17.86%,0%,5.36,0
best vaporesso kit,20,35,102,475,19.61%,7.37%,2.87,2.64
smok models,20,23,95,92,21.05%,25%,2.15,1.66
uwell crown vs caliburn,20,0,90,0,22.22%,0%,3.11,0
my smok wont charge,20,0,75,0,26.67%,0%,1.64,0
novo 2 smok pods,20,0,70,0,28.57%,0%,2.99,0
juul like vape,20,0,67,0,29.85%,0%,3.58,0
best salt nic pod,20,20,56,46,35.71%,43.48%,2.2,2.5
why are juul pods so expensive,20,31,55,108,36.36%,28.7%,1,1
suorin air plus vs suorin air,20,19,52,39,38.46%,48.72%,1.75,2.08
smok veneno wont turn on,20,0,52,0,38.46%,0%,2.48,0
best small vape pod,20,0,50,0,40%,0%,2.88,0
best pod mod vape 2020,20,0,49,0,40.82%,0%,2.69,0
top 10 pod system 2019,20,0,48,0,41.67%,0%,2.29,0
smok not turning on,20,0,48,0,41.67%,0%,3.1,0
best open pod system,20,24,47,51,42.55%,47.06%,1.7,1.14
saltnic vapes,20,0,46,0,43.48%,0%,1.83,0
best pod stick,20,27,44,40,45.45%,67.5%,1.07,1
the best pod system 2020,20,0,42,0,47.62%,0%,2.05,0
smok rpm ohms too low,20,0,41,0,48.78%,0%,1.07,0
cheaper juul alternative,20,0,40,0,50%,0%,2.17,0
smok rpm not charging,20,0,36,0,55.56%,0%,1.33,0
smok priv n19 not charging,20,0,32,0,62.5%,0%,1.44,0
smok vape troubleshooting,20,18,29,25,68.97%,72%,1.79,1.24
support@vaping.com,20,38,21,47,95.24%,80.85%,1,1
novo 2 colors,19,18,2589,2627,0.73%,0.69%,8.95,8.24
best mods,19,26,1984,1668,0.96%,1.56%,8.99,8.29
www.smoktech.com,19,0,1750,0,1.09%,0%,4.55,0
what is salt nicotine,19,25,1585,1675,1.2%,1.49%,9.24,9.43
smok x8,19,0,1040,0,1.83%,0%,7.37,0
cvape,19,29,783,826,2.43%,3.51%,5.06,5.36
vape mod kit,19,0,656,0,2.9%,0%,7.54,0
top 10 vape mods,19,0,565,0,3.36%,0%,7.19,0
vapes.com,19,0,563,0,3.37%,0%,4.7,0
smok nord problems,19,0,555,0,3.42%,0%,6.64,0
tarot mini,19,0,437,0,4.35%,0%,6.62,0
smok novo 2 pods difference,19,18,426,277,4.46%,6.5%,2.96,3.13
best vape tank for flavor 2019,19,26,320,362,5.94%,7.18%,8.08,9.29
novo v2,19,0,293,0,6.48%,0%,4.96,0
vape tastes burnt new coil,19,19,274,268,6.93%,7.09%,1.23,1.64
smok stick prince wattage,19,20,268,292,7.09%,6.85%,2.12,1.95
vapes with pods,19,34,259,202,7.34%,16.83%,3.19,2.94
aspire breeze 2 pods,19,0,213,0,8.92%,0%,6.41,0
nicotine levels in vape,19,0,206,0,9.22%,0%,1.03,0
vape juices online,19,19,192,330,9.9%,5.76%,7.43,7.77
new salt nic vapes,19,0,127,0,14.96%,0%,3.98,0
sub ohm pod mod,19,0,118,0,16.1%,0%,3.24,0
what is rta vape,19,24,109,97,17.43%,24.74%,1,1.04
rpm40 not turning on,19,0,99,0,19.19%,0%,3.07,0
pod flavour terbaik,19,19,98,67,19.39%,28.36%,3.54,4.36
smok novo won't charge,19,0,89,0,21.35%,0%,1.39,0
twister 80 watt,19,0,87,0,21.84%,0%,2.67,0
stig tastes burnt,19,22,73,122,26.03%,18.03%,3.99,3.98
vape liquid strengths,19,0,71,0,26.76%,0%,1,0
pop disposable vape burnt,19,0,69,0,27.54%,0%,1.74,0
top pods,19,19,68,80,27.94%,23.75%,2.29,3.24
mejor pod 2020,19,0,68,0,27.94%,0%,4.37,0
horizontech magico coils,19,0,65,0,29.23%,0%,2.06,0
new 2020 vape mods,19,0,60,0,31.67%,0%,2.8,0
smok rpm40 not charging,19,0,59,0,32.2%,0%,3.86,0
best draw activated vape,19,29,56,70,33.93%,41.43%,2.36,2.7
smok rpm40 stopped working,19,0,54,0,35.19%,0%,2.74,0
latest pod vape,19,36,52,78,36.54%,46.15%,1.27,1.29
pod vape terbaik 2019,0,139,0,3069,0%,4.53%,0,7.7
xfeng baby,0,109,0,1381,0%,7.89%,0,3.03
pod termahal,0,69,0,956,0%,7.22%,0,6.09
best refillable pod systems,0,50,0,163,0%,30.67%,0,1.05
infinix pods,0,47,0,664,0%,7.08%,0,4.92
best pod ecig,0,46,0,71,0%,64.79%,0,1.27
vaping.com tracking,0,44,0,51,0%,86.27%,0,1
pod terbaik 2019 indonesia,0,42,0,1040,0%,4.04%,0,2.7
highest nicotine vape juice,0,41,0,472,0%,8.69%,0,1
best small vapes 2019,0,39,0,56,0%,69.64%,0,1
mod pod terbaik,0,38,0,781,0%,4.87%,0,6.52
pod aio terbaik 2019,0,38,0,353,0%,10.76%,0,4.63
best pod vape 2018,0,37,0,171,0%,21.64%,0,6.01
best aio vape,0,36,0,479,0%,7.52%,0,10.05
helix vape,0,35,0,339,0%,10.32%,0,4.11
smok nord wont charge,0,35,0,132,0%,26.52%,0,1.59
difference between rda and rta,0,35,0,80,0%,43.75%,0,1.05
vape uk,0,34,0,1503,0%,2.26%,0,12.59
best box mod 2019,0,34,0,519,0%,6.55%,0,7.74
top vape mods 2019,0,34,0,254,0%,13.39%,0,6.52
smok v fin battery error,0,34,0,195,0%,17.44%,0,4.04
pod based vape,0,34,0,156,0%,21.79%,0,2.19
smok novo not hitting,0,33,0,413,0%,7.99%,0,4.25
are nicotine salts safe,0,33,0,298,0%,11.07%,0,2.75
nicotine vape juice,0,32,0,663,0%,4.83%,0,13.81
pods terbaik 2019,0,32,0,498,0%,6.43%,0,6.15
pod mod terbaik 2019,0,32,0,399,0%,8.02%,0,5.4
pod 2019,0,32,0,334,0%,9.58%,0,4.22
best naked vape juice,0,32,0,97,0%,32.99%,0,1
best pod kit 2019,0,32,0,60,0%,53.33%,0,3.17
kangertech nebox,0,31,0,484,0%,6.4%,0,9.14
digiflavor helix,0,31,0,439,0%,7.06%,0,6.17
vape systems,0,31,0,351,0%,8.83%,0,3.49
atomizer short,0,31,0,232,0%,13.36%,0,19.08
vape brands like juul,0,31,0,102,0%,30.39%,0,2.48
vape juice strengths,0,31,0,98,0%,31.63%,0,1
best smok pod system,0,31,0,64,0%,48.44%,0,2
the best pod 2019,0,31,0,63,0%,49.21%,0,1.86
vandy vape,0,30,0,7285,0%,0.41%,0,6.85
obs cube mini,0,30,0,1444,0%,2.08%,0,8.99
pod system vape 2019,0,30,0,117,0%,25.64%,0,2.85
best vape system,0,30,0,59,0%,50.85%,0,6.08
nicotine salt,0,29,0,2329,0%,1.25%,0,13.61
best mod vape 2019,0,29,0,365,0%,7.95%,0,7.65
juul look alikes,0,29,0,216,0%,13.43%,0,1
pod terbaik malaysia,0,29,0,119,0%,24.37%,0,5.37
best fruit vape juice flavors 2019,0,29,0,71,0%,40.85%,0,2.8
smok species ohms too high,0,29,0,44,0%,65.91%,0,1
smok g priv 2,0,28,0,1860,0%,1.51%,0,12.62
pod terbaik indonesia,0,28,0,436,0%,6.42%,0,4.81
how to fix a burnt pod,0,28,0,362,0%,7.73%,0,4.2
profile 1.5 rda,0,28,0,310,0%,9.03%,0,14.83
best vape mod kit 2019,0,28,0,199,0%,14.07%,0,5.28
how much is a vape pod,0,28,0,131,0%,21.37%,0,1.69
e cigarette brands like juul,0,28,0,69,0%,40.58%,0,2.01
the best pod mod 2019,0,28,0,64,0%,43.75%,0,3.33
best pod based vapes,0,28,0,61,0%,45.9%,0,2.02
best flavor pod system,0,28,0,57,0%,49.12%,0,1.32
e cig like juul,0,28,0,42,0%,66.67%,0,1.38
whats better than juul,0,28,0,35,0%,80%,0,1.11
voopoo drag nano pod,0,27,0,891,0%,3.03%,0,7.83
vape maintenance,0,27,0,75,0%,36%,0,1
are nicotine salts bad for you,0,27,0,64,0%,42.19%,0,2.02
what is the best pod vape,0,27,0,59,0%,45.76%,0,1.15
vaping.com order status,0,27,0,35,0%,77.14%,0,1
smok atomizer short,0,26,0,204,0%,12.75%,0,6.19
best pod device 2019,0,26,0,98,0%,26.53%,0,2.14
novo 2 light meaning,0,26,0,66,0%,39.39%,0,1
new salt nic devices,0,26,0,64,0%,40.62%,0,1.98
sub ohm pod system,0,26,0,62,0%,41.94%,0,1.85
smok nord taste burnt with new coil,0,26,0,54,0%,48.15%,0,1.09
vaporesso luxe,0,25,0,2318,0%,1.08%,0,12.65
aspire mulus,0,25,0,762,0%,3.28%,0,12.1
vapes prices,0,25,0,200,0%,12.5%,0,3.77
vinci mod pod coils,0,25,0,95,0%,26.32%,0,2.52
juul alternative canada,0,25,0,71,0%,35.21%,0,1.45
why does my nord taste burnt with new coil,0,25,0,57,0%,43.86%,0,1
difference between novo 1 and novo 2,0,25,0,49,0%,51.02%,0,2.73
vaping.com track my order,0,25,0,28,0%,89.29%,0,1
vaping pod,0,24,0,603,0%,3.98%,0,4.01
vape mods 2019,0,24,0,489,0%,4.91%,0,7.6
smok novo 2 charging light,0,24,0,432,0%,5.56%,0,4.52
caliburn vs juul,0,24,0,418,0%,5.74%,0,7.95
smok novi,0,24,0,286,0%,8.39%,0,4.54
nic devices,0,24,0,168,0%,14.29%,0,2.45
best refillable pod vape 2018,0,24,0,131,0%,18.32%,0,5.53
are nic salts safe,0,24,0,124,0%,19.35%,0,3.18
smok fetch specs,0,24,0,97,0%,24.74%,0,1.1
is salt nicotine safe,0,24,0,70,0%,34.29%,0,2.43
juul equivalents,0,24,0,56,0%,42.86%,0,4.41
smoking devices like juul,0,24,0,48,0%,50%,0,1.27
latest pod system,0,24,0,40,0%,60%,0,1.18
smok novo 2 vs 1,0,24,0,29,0%,82.76%,0,2.03
rda,0,23,0,2853,0%,0.81%,0,10
pod stick terbaik,0,23,0,672,0%,3.42%,0,9.64
freemax gemm disposable tank,0,23,0,533,0%,4.32%,0,9.87
vape shoo,0,23,0,527,0%,4.36%,0,3.07
resa stick smok,0,23,0,457,0%,5.03%,0,5.33
sibra f kit,0,23,0,427,0%,5.39%,0,5.74
pod vape terbaik indonesia 2019,0,23,0,393,0%,5.85%,0,5.79
smok nord vs caliburn,0,23,0,337,0%,6.82%,0,5.87
vape oen,0,23,0,249,0%,9.24%,0,3.57
is nicotine salt bad for you,0,23,0,192,0%,11.98%,0,3.04
best pod mods 2019,0,23,0,135,0%,17.04%,0,3.26
smok rpm salt nic coil,0,23,0,119,0%,19.33%,0,2.84
shikra coils,0,23,0,99,0%,23.23%,0,3.09
smok vape not turning on,0,23,0,86,0%,26.74%,0,3.92
best vaporesso mod,0,23,0,80,0%,28.75%,0,1.85
top vape pods 2019,0,23,0,71,0%,32.39%,0,3.04
vaping rda,0,23,0,65,0%,35.38%,0,1.15
priv v8 coils,0,23,0,59,0%,38.98%,0,1.25
small vaping devices,0,23,0,52,0%,44.23%,0,1.12
best naked 100 juice,0,23,0,50,0%,46%,0,1
vape pen brand,0,23,0,49,0%,46.94%,0,5.61
how to fix a smok vape,0,23,0,44,0%,52.27%,0,1.07
smok devilkin,0,22,0,1936,0%,1.14%,0,9.38
vape tank,0,22,0,1055,0%,2.09%,0,14.43
vape mods smok,0,22,0,858,0%,2.56%,0,9.84
vapejuice,0,22,0,823,0%,2.67%,0,8.24
vape liquid online,0,22,0,592,0%,3.72%,0,8.54
types of juuls,0,22,0,572,0%,3.85%,0,2.06
aspire tigon aio,0,22,0,369,0%,5.96%,0,8.67
how much nicotine in a vape,0,22,0,353,0%,6.23%,0,3.28
uwell caliburn vs smok nord,0,22,0,244,0%,9.02%,0,4.99
novo 2 quartz pod review,0,22,0,208,0%,10.58%,0,6.79
smok vape models,0,22,0,77,0%,28.57%,0,2.21
new pod 2019,0,22,0,75,0%,29.33%,0,1.39
difference between rta and rda,0,22,0,61,0%,36.07%,0,1.57
rda and rta,0,22,0,57,0%,38.6%,0,1.04
best small pod vape,0,22,0,54,0%,40.74%,0,2.46
best small vapes to buy,0,22,0,52,0%,42.31%,0,1.42
smok won't charge,0,22,0,47,0%,46.81%,0,1.06
best refillable pod,0,22,0,41,0%,53.66%,0,1
best small vape 2019,0,22,0,30,0%,73.33%,0,1
fetch pod,0,21,0,6456,0%,0.33%,0,7.43
smok tank,0,21,0,5562,0%,0.38%,0,8.76
how to clean vape coil,0,21,0,1153,0%,1.82%,0,7.81
cape pen,0,21,0,265,0%,7.92%,0,3.57
juul mah,0,21,0,218,0%,9.63%,0,2.69
gt4 coils,0,21,0,78,0%,26.92%,0,3.63
vaporesso luxe zv,0,21,0,72,0%,29.17%,0,4.35
latest vape pod,0,21,0,71,0%,29.58%,0,2.08
vapes like a juul,0,21,0,39,0%,53.85%,0,1.1
vapes that hit like a juul,0,21,0,37,0%,56.76%,0,1.57
best flavour pod system,0,21,0,28,0%,75%,0,1.54
smoke nord,0,20,0,3230,0%,0.62%,0,5.8
novo price,0,20,0,1208,0%,1.66%,0,6.08
vaporesso revenger x kit,0,20,0,425,0%,4.71%,0,12.99
vaping coils,0,20,0,281,0%,7.12%,0,3.56
how to unburn a puff,0,20,0,157,0%,12.74%,0,3.23
vape taste burnt,0,20,0,109,0%,18.35%,0,1.26
smok novo 2 pods for salt nic,0,20,0,70,0%,28.57%,0,1.13
smok rpm40 won't turn on fix,0,20,0,69,0%,28.99%,0,3.78
good small vapes,0,20,0,53,0%,37.74%,0,1.66
vape pens brands,0,20,0,48,0%,41.67%,0,6.31
innovator vape,0,20,0,47,0%,42.55%,0,1.83
egg shaped vape,0,20,0,46,0%,43.48%,0,1
coil tastes burnt,0,20,0,39,0%,51.28%,0,1
juul similar,0,20,0,35,0%,57.14%,0,1.49
reset smok vape,0,20,0,34,0%,58.82%,0,1.09
best discreet vape 2019,0,20,0,30,0%,66.67%,0,1
refillable juul pods,0,19,0,2865,0%,0.66%,0,57.69
orion q,0,19,0,2623,0%,0.72%,0,10.4
priv v8,0,19,0,1441,0%,1.32%,0,8.46
box mod kit,0,19,0,866,0%,2.19%,0,5.03
hitbit vape,0,19,0,643,0%,2.95%,0,4.12
why is my smok novo not hitting,0,19,0,441,0%,4.31%,0,5.01
horizontech falcon 2,0,19,0,412,0%,4.61%,0,8.99
smok nord not turning on,0,19,0,377,0%,5.04%,0,5.1
smok novo not firing,0,19,0,229,0%,8.3%,0,5.21
sub ohm pod,0,19,0,183,0%,10.38%,0,2.96
suorin air vs drop,0,19,0,154,0%,12.34%,0,3.9
best vape box mod 2019,0,19,0,147,0%,12.93%,0,6.31
burnt vape,0,19,0,145,0%,13.1%,0,6.52
novo 2 vs caliburn,0,19,0,126,0%,15.08%,0,6.1
pod system 2019,0,19,0,74,0%,25.68%,0,3.97
the best pod vape 2019,0,19,0,54,0%,35.19%,0,2.54
vape rda meaning,0,19,0,50,0%,38%,0,1
nord pod vs rpm pod,0,19,0,45,0%,42.22%,0,2.67
best pod aio,0,19,0,41,0%,46.34%,0,3.29
healthy juul alternative,0,19,0,40,0%,47.5%,0,1.3
the best pod system 2019,0,19,0,40,0%,47.5%,0,2.02
best pod flavour,0,19,0,36,0%,52.78%,0,1.08
best new pod vape,0,19,0,32,0%,59.38%,0,1
vape won't charge smok,0,19,0,30,0%,63.33%,0,1.37
what do i need to vape,0,19,0,29,0%,65.52%,0,1.83
novo 2 flavors,0,19,0,28,0%,67.86%,0,1
best e pen,0,19,0,25,0%,76%,0,83.44
caliburn pod,0,18,0,8923,0%,0.2%,0,5.85
mag p3 kit,0,18,0,839,0%,2.15%,0,10.15
nord kit smok,0,18,0,799,0%,2.25%,0,6.17
skrr tank,0,18,0,793,0%,2.27%,0,8.93
vaporesso target pm 80,0,18,0,649,0%,2.77%,0,8.29
smok. com,0,18,0,441,0%,4.08%,0,3.03
pods terbaik,0,18,0,388,0%,4.64%,0,6.04
novo not hitting,0,18,0,325,0%,5.54%,0,4.66
smok.novo,0,18,0,279,0%,6.45%,0,4.52
vape novo 2,0,18,0,266,0%,6.77%,0,6.05
vape shop usa,0,18,0,242,0%,7.44%,0,9.52
best new vape mods,0,18,0,213,0%,8.45%,0,7.65
best vape pens 2019,0,18,0,210,0%,8.57%,0,1.94
pod terbaik 2019 malaysia,0,18,0,176,0%,10.23%,0,7.35
sigelei shikra coil compatibility,0,18,0,158,0%,11.39%,0,1.03
why does my new coil taste burnt,0,18,0,158,0%,11.39%,0,1.09
best vape tank that doesn't leak 2019,0,18,0,139,0%,12.95%,0,5.78
smok salt nic mods,0,18,0,135,0%,13.33%,0,3.91
rba vs rda,0,18,0,134,0%,13.43%,0,1.21
vape faq,0,18,0,116,0%,15.52%,0,1.24
twister 80w vape,0,18,0,97,0%,18.56%,0,3.52
smok nic salt vape,0,18,0,89,0%,20.22%,0,4.51
vape pod brands,0,18,0,84,0%,21.43%,0,3.19
smoknovo,0,18,0,73,0%,24.66%,0,3.59
nord not charging,0,18,0,72,0%,25%,0,2.47
why isn't my nord hitting,0,18,0,59,0%,30.51%,0,1.59
juul competitor,0,18,0,52,0%,34.62%,0,3.48
pod vape brands,0,18,0,51,0%,35.29%,0,1.88
ipv coils,0,18,0,45,0%,40%,0,1.18
rda vaping,0,18,0,39,0%,46.15%,0,2.21
best pod vape for flavor,0,18,0,37,0%,48.65%,0,2.49
novo 2 1.0 vs 1.4,0,18,0,36,0%,50%,0,1.42
best stick vape 2019,0,18,0,34,0%,52.94%,0,1
best naked 100 flavors,0,18,0,34,0%,52.94%,0,1.03
newest pod system,0,18,0,34,0%,52.94%,0,1.38
juul like products,0,18,0,34,0%,52.94%,0,1.59
vape alternative to juul,0,18,0,33,0%,54.55%,0,1.09
ohms too high vape,0,18,0,31,0%,58.06%,0,1.13
best vaporesso tank,0,18,0,31,0%,58.06%,0,1.52
why is juul so expensive,0,18,0,29,0%,62.07%,0,1
best small vape devices,0,18,0,28,0%,64.29%,0,1.64
rta and rda,0,18,0,26,0%,69.23%,0,1.27
best vaping pods,0,18,0,26,0%,69.23%,0,2.04
coils,0,17,0,11369,0%,0.15%,0,11.45
snok,0,17,0,2916,0%,0.58%,0,2.85
revenger x,0,17,0,2005,0%,0.85%,0,13.55